"","date","month","year","count"
"1","1","SEP",2015,"75"
"2","1","SEP",2016,"75"
"3","1","SEP",2017,"92"
"4","2","SEP",2015,"77"
"5","2","SEP",2016,"67"
"6","2","SEP",2017,"69"
"7","3","SEP",2015,"67"
"8","3","SEP",2016,"78"
"9","3","SEP",2017,"78"
"10","4","SEP",2015,"71"
"11","4","SEP",2016,"99"
"12","4","SEP",2017,"84"
"13","5","SEP",2015,"62"
"14","5","SEP",2016,"89"
"15","5","SEP",2017,"75"
"16","6","SEP",2015,"77"
"17","6","SEP",2016,"74"
"18","6","SEP",2017,"80"
"19","7","SEP",2015,"85"
"20","7","SEP",2016,"67"
"21","7","SEP",2017,"87"
"22","8","SEP",2015,"84"
"23","8","SEP",2016,"77"
"24","8","SEP",2017,"93"
"25","9","SEP",2015,"79"
"26","9","SEP",2016,"90"
"27","9","SEP",2017,"72"
"28","10","SEP",2015,"66"
"29","10","SEP",2016,"73"
"30","10","SEP",2017,"98"
"31","11","SEP",2015,"92"
"32","11","SEP",2016,"78"
"33","11","SEP",2017,"92"
"34","12","SEP",2015,"79"
"35","12","SEP",2016,"66"
"36","12","SEP",2017,"77"
"37","13","SEP",2015,"81"
"38","13","SEP",2016,"88"
"39","13","SEP",2017,"100"
"40","14","SEP",2015,"70"
"41","14","SEP",2016,"81"
"42","14","SEP",2017,"80"
"43","15","SEP",2015,"87"
"44","15","SEP",2016,"91"
"45","15","SEP",2017,"83"
"46","16","SEP",2015,"70"
"47","16","SEP",2016,"71"
"48","16","SEP",2017,"77"
"49","17","SEP",2015,"70"
"50","17","SEP",2016,"68"
"51","17","SEP",2017,"85"
"52","18","SEP",2015,"76"
"53","18","SEP",2016,"79"
"54","18","SEP",2017,"77"
"55","19","SEP",2015,"81"
"56","19","SEP",2016,"82"
"57","19","SEP",2017,"74"
"58","20","SEP",2015,"69"
"59","20","SEP",2016,"79"
"60","20","SEP",2017,"100"
"61","21","SEP",2015,"70"
"62","21","SEP",2016,"67"
"63","21","SEP",2017,"120"
"64","22","SEP",2015,"68"
"65","22","SEP",2016,"97"
"66","22","SEP",2017,"110"
"67","23","SEP",2015,"70"
"68","23","SEP",2016,"71"
"69","23","SEP",2017,"109"
"70","24","SEP",2015,"78"
"71","24","SEP",2016,"79"
"72","24","SEP",2017,"120"
"73","25","SEP",2015,"60"
"74","25","SEP",2016,"75"
"75","25","SEP",2017,"135"
"76","26","SEP",2015,"76"
"77","26","SEP",2016,"82"
"78","26","SEP",2017,"131"
"79","27","SEP",2015,"78"
"80","27","SEP",2016,"82"
"81","27","SEP",2017,"120"
"82","28","SEP",2015,"84"
"83","28","SEP",2016,"81"
"84","28","SEP",2017,"109"
"85","29","SEP",2015,"83"
"86","29","SEP",2016,"70"
"87","29","SEP",2017,"127"
"88","30","SEP",2015,"73"
"89","30","SEP",2016,"91"
"90","30","SEP",2017,"129"
"91","1","OCT*",2015,"74"
"92","1","OCT*",2016,"90"
"93","1","OCT*",2017,"101"
"94","2","OCT*",2015,"84"
"95","2","OCT*",2016,"67"
"96","2","OCT*",2017,"104"
"97","3","OCT*",2015,"77"
"98","3","OCT*",2016,"82"
"99","3","OCT*",2017,"118"
"100","4","OCT*",2015,"99"
"101","4","OCT*",2016,"78"
"102","4","OCT*",2017,"115"
"103","5","OCT*",2015,"96"
"104","5","OCT*",2016,"82"
"105","5","OCT*",2017,"111"
"106","6","OCT*",2015,"68"
"107","6","OCT*",2016,"78"
"108","6","OCT*",2017,"128"
"109","7","OCT*",2015,"66"
"110","7","OCT*",2016,"85"
"111","7","OCT*",2017,"105"
"112","8","OCT*",2015,"79"
"113","8","OCT*",2016,"77"
"114","8","OCT*",2017,"94"
"115","9","OCT*",2015,"73"
"116","9","OCT*",2016,"76"
"117","9","OCT*",2017,"90"
"118","10","OCT*",2015,"74"
"119","10","OCT*",2016,"86"
"120","10","OCT*",2017,"96"
"121","11","OCT*",2015,"90"
"122","11","OCT*",2016,"77"
"123","11","OCT*",2017,"97"
"124","12","OCT*",2015,"82"
"125","12","OCT*",2016,"79"
"126","12","OCT*",2017,"90"
"127","13","OCT*",2015,"71"
"128","13","OCT*",2016,"70"
"129","13","OCT*",2017,"93"
"130","14","OCT*",2015,"75"
"131","14","OCT*",2016,"73"
"132","14","OCT*",2017,"102"
"133","15","OCT*",2015,"77"
"134","15","OCT*",2016,"78"
"135","15","OCT*",2017,"92"
"136","16","OCT*",2015,"80"
"137","16","OCT*",2016,"77"
"138","16","OCT*",2017,"72"
"139","17","OCT*",2015,"69"
"140","17","OCT*",2016,"75"
"141","17","OCT*",2017,"80"
"142","18","OCT*",2015,"84"
"143","18","OCT*",2016,"68"
"144","18","OCT*",2017,"87"
"145","19","OCT*",2015,"73"
"146","19","OCT*",2016,"72"
"147","19","OCT*",2017,"100"
"148","20","OCT*",2015,"77"
"149","20","OCT*",2016,"79"
"150","20","OCT*",2017,"82"
"151","21","OCT*",2015,"79"
"152","21","OCT*",2016,"74"
"153","21","OCT*",2017,"75"
"154","22","OCT*",2015,"77"
"155","22","OCT*",2016,"101"
"156","22","OCT*",2017,"94"
"157","23","OCT*",2015,"74"
"158","23","OCT*",2016,"68"
"159","23","OCT*",2017,"90"
"160","24","OCT*",2015,"78"
"161","24","OCT*",2016,"69"
"162","24","OCT*",2017,"91"
"163","25","OCT*",2015,"72"
"164","25","OCT*",2016,"63"
"165","25","OCT*",2017,"87"
"166","26","OCT*",2015,"60"
"167","26","OCT*",2016,"71"
"168","26","OCT*",2017,"88"
"169","27","OCT*",2015,"71"
"170","27","OCT*",2016,"67"
"171","27","OCT*",2017,"101"
"172","28","OCT*",2015,"75"
"173","28","OCT*",2016,"73"
"174","28","OCT*",2017,"92"
"175","29","OCT*",2015,"76"
"176","29","OCT*",2016,"78"
"177","29","OCT*",2017,"80"
"178","30","OCT*",2015,"88"
"179","30","OCT*",2016,"79"
"180","30","OCT*",2017,"89"
"181","31","OCT*",2015,"75"
"182","31","OCT*",2016,"65"
"183","31","OCT*",2017,"62"
"184","1","NOV",2015,"77"
"185","1","NOV",2016,"84"
"186","1","NOV",2017,"78"
"187","2","NOV",2015,"71"
"188","2","NOV",2016,"72"
"189","2","NOV",2017,"90"
"190","3","NOV",2015,"83"
"191","3","NOV",2016,"74"
"192","3","NOV",2017,"68"
"193","4","NOV",2015,"58"
"194","4","NOV",2016,"97"
"195","4","NOV",2017,"86"
"196","5","NOV",2015,"66"
"197","5","NOV",2016,"77"
"198","5","NOV",2017,"76"
"199","6","NOV",2015,"70"
"200","6","NOV",2016,"97"
"201","6","NOV",2017,"77"
"202","7","NOV",2015,"62"
"203","7","NOV",2016,"77"
"204","7","NOV",2017,"81"
"205","8","NOV",2015,"73"
"206","8","NOV",2016,"77"
"207","8","NOV",2017,"74"
"208","9","NOV",2015,"73"
"209","9","NOV",2016,"82"
"210","9","NOV",2017,"70"
"211","10","NOV",2015,"62"
"212","10","NOV",2016,"73"
"213","10","NOV",2017,"56"
"214","11","NOV",2015,"74"
"215","11","NOV",2016,"85"
"216","11","NOV",2017,"77"
"217","12","NOV",2015,"77"
"218","12","NOV",2016,"79"
"219","12","NOV",2017,"61"
"220","13","NOV",2015,"77"
"221","13","NOV",2016,"79"
"222","13","NOV",2017,"54"
"223","14","NOV",2015,"78"
"224","14","NOV",2016,"90"
"225","14","NOV",2017,"52"
"226","15","NOV",2015,"77"
"227","15","NOV",2016,"79"
"228","15","NOV",2017,"51"
"229","16","NOV",2015,"74"
"230","16","NOV",2016,"76"
"231","16","NOV",2017,"55"
"232","17","NOV",2015,"81"
"233","17","NOV",2016,"78"
"234","17","NOV",2017,"64"
"235","18","NOV",2015,"62"
"236","18","NOV",2016,"84"
"237","18","NOV",2017,"56"
"238","19","NOV",2015,"79"
"239","19","NOV",2016,"100"
"240","19","NOV",2017,"48"
"241","20","NOV",2015,"90"
"242","20","NOV",2016,"82"
"243","20","NOV",2017,"51"
"244","21","NOV",2015,"64"
"245","21","NOV",2016,"91"
"246","21","NOV",2017,"48"
"247","22","NOV",2015,"91"
"248","22","NOV",2016,"71"
"249","22","NOV",2017,"48"
"250","23","NOV",2015,"83"
"251","23","NOV",2016,"87"
"252","23","NOV",2017,"41"
"253","24","NOV",2015,"81"
"254","24","NOV",2016,"82"
"255","24","NOV",2017,"37"
"256","25","NOV",2015,"80"
"257","25","NOV",2016,"66"
"258","25","NOV",2017,"31"
"259","26","NOV",2015,"70"
"260","26","NOV",2016,"91"
"261","26","NOV",2017,"32"
"262","27","NOV",2015,"102"
"263","27","NOV",2016,"87"
"264","27","NOV",2017,"34"
"265","28","NOV",2015,"85"
"266","28","NOV",2016,"89"
"267","28","NOV",2017,"25"
"268","29","NOV",2015,"49"
"269","29","NOV",2016,"90"
"270","29","NOV",2017,"32"
"271","30","NOV",2015,"99"
"272","30","NOV",2016,"88"
"273","30","NOV",2017,"18"
"274","1","DEC",2015,"82"
"275","1","DEC",2016,"77"
"277","2","DEC",2015,"87"
"278","2","DEC",2016,"88"
"280","3","DEC",2015,"83"
"281","3","DEC",2016,"67"
"283","4","DEC",2015,"78"
"284","4","DEC",2016,"78"
"286","5","DEC",2015,"69"
"287","5","DEC",2016,"82"
"289","6","DEC",2015,"69"
"290","6","DEC",2016,"106"
"292","7","DEC",2015,"77"
"293","7","DEC",2016,"80"
"295","8","DEC",2015,"85"
"296","8","DEC",2016,"87"
"298","9","DEC",2015,"86"
"299","9","DEC",2016,"103"
"301","10","DEC",2015,"78"
"302","10","DEC",2016,"102"
"304","11","DEC",2015,"73"
"305","11","DEC",2016,"89"
"307","12","DEC",2015,"80"
"308","12","DEC",2016,"107"
"310","13","DEC",2015,"75"
"311","13","DEC",2016,"87"
"313","14","DEC",2015,"77"
"314","14","DEC",2016,"70"
"316","15","DEC",2015,"75"
"317","15","DEC",2016,"85"
"319","16","DEC",2015,"95"
"320","16","DEC",2016,"78"
"322","17","DEC",2015,"70"
"323","17","DEC",2016,"83"
"325","18","DEC",2015,"107"
"326","18","DEC",2016,"99"
"328","19","DEC",2015,"88"
"329","19","DEC",2016,"78"
"331","20","DEC",2015,"87"
"332","20","DEC",2016,"84"
"334","21","DEC",2015,"79"
"335","21","DEC",2016,"91"
"337","22","DEC",2015,"74"
"338","22","DEC",2016,"109"
"340","23","DEC",2015,"90"
"341","23","DEC",2016,"96"
"343","24","DEC",2015,"96"
"344","24","DEC",2016,"125"
"346","25","DEC",2015,"90"
"347","25","DEC",2016,"85"
"349","26","DEC",2015,"69"
"350","26","DEC",2016,"107"
"352","27","DEC",2015,"75"
"353","27","DEC",2016,"114"
"355","28","DEC",2015,"79"
"356","28","DEC",2016,"95"
"358","29","DEC",2015,"80"
"359","29","DEC",2016,"88"
"361","30","DEC",2015,"93"
"362","30","DEC",2016,"94"
"364","31","DEC",2015,"70"
"365","31","DEC",2016,"120"
"367","1","JAN",2015,"107"
"368","1","JAN",2016,"89"
"369","1","JAN",2017,"107"
"370","2","JAN",2015,"101"
"371","2","JAN",2016,"88"
"372","2","JAN",2017,"108"
"373","3","JAN",2015,"78"
"374","3","JAN",2016,"79"
"375","3","JAN",2017,"115"
"376","4","JAN",2015,"121"
"377","4","JAN",2016,"90"
"378","4","JAN",2017,"81"
"379","5","JAN",2015,"99"
"380","5","JAN",2016,"80"
"381","5","JAN",2017,"79"
"382","6","JAN",2015,"104"
"383","6","JAN",2016,"96"
"384","6","JAN",2017,"90"
"385","7","JAN",2015,"79"
"386","7","JAN",2016,"92"
"387","7","JAN",2017,"116"
"388","8","JAN",2015,"73"
"389","8","JAN",2016,"77"
"390","8","JAN",2017,"108"
"391","9","JAN",2015,"90"
"392","9","JAN",2016,"86"
"393","9","JAN",2017,"82"
"394","10","JAN",2015,"75"
"395","10","JAN",2016,"90"
"396","10","JAN",2017,"85"
"397","11","JAN",2015,"88"
"398","11","JAN",2016,"86"
"399","11","JAN",2017,"77"
"400","12","JAN",2015,"85"
"401","12","JAN",2016,"81"
"402","12","JAN",2017,"75"
"403","13","JAN",2015,"74"
"404","13","JAN",2016,"79"
"405","13","JAN",2017,"84"
"406","14","JAN",2015,"98"
"407","14","JAN",2016,"87"
"408","14","JAN",2017,"103"
"409","15","JAN",2015,"88"
"410","15","JAN",2016,"94"
"411","15","JAN",2017,"103"
"412","16","JAN",2015,"111"
"413","16","JAN",2016,"99"
"414","16","JAN",2017,"103"
"415","17","JAN",2015,"92"
"416","17","JAN",2016,"92"
"417","17","JAN",2017,"85"
"418","18","JAN",2015,"90"
"419","18","JAN",2016,"83"
"420","18","JAN",2017,"94"
"421","19","JAN",2015,"101"
"422","19","JAN",2016,"81"
"423","19","JAN",2017,"91"
"424","20","JAN",2015,"98"
"425","20","JAN",2016,"100"
"426","20","JAN",2017,"88"
"427","21","JAN",2015,"105"
"428","21","JAN",2016,"81"
"429","21","JAN",2017,"102"
"430","22","JAN",2015,"71"
"431","22","JAN",2016,"87"
"432","22","JAN",2017,"90"
"433","23","JAN",2015,"82"
"434","23","JAN",2016,"92"
"435","23","JAN",2017,"95"
"436","24","JAN",2015,"84"
"437","24","JAN",2016,"100"
"438","24","JAN",2017,"87"
"439","25","JAN",2015,"83"
"440","25","JAN",2016,"92"
"441","25","JAN",2017,"96"
"442","26","JAN",2015,"83"
"443","26","JAN",2016,"98"
"444","26","JAN",2017,"94"
"445","27","JAN",2015,"73"
"446","27","JAN",2016,"91"
"447","27","JAN",2017,"81"
"448","28","JAN",2015,"87"
"449","28","JAN",2016,"98"
"450","28","JAN",2017,"99"
"451","29","JAN",2015,"73"
"452","29","JAN",2016,"92"
"453","29","JAN",2017,"97"
"454","30","JAN",2015,"78"
"455","30","JAN",2016,"90"
"456","30","JAN",2017,"97"
"457","31","JAN",2015,"73"
"458","31","JAN",2016,"72"
"459","31","JAN",2017,"82"
"460","1","FEB",2015,"66"
"461","1","FEB",2016,"111"
"462","1","FEB",2017,"93"
"463","2","FEB",2015,"114"
"464","2","FEB",2016,"95"
"465","2","FEB",2017,"88"
"466","3","FEB",2015,"95"
"467","3","FEB",2016,"119"
"468","3","FEB",2017,"68"
"469","4","FEB",2015,"87"
"470","4","FEB",2016,"89"
"471","4","FEB",2017,"76"
"472","5","FEB",2015,"84"
"473","5","FEB",2016,"109"
"474","5","FEB",2017,"71"
"475","6","FEB",2015,"93"
"476","6","FEB",2016,"87"
"477","6","FEB",2017,"81"
"478","7","FEB",2015,"79"
"479","7","FEB",2016,"94"
"480","7","FEB",2017,"94"
"481","8","FEB",2015,"94"
"482","8","FEB",2016,"94"
"483","8","FEB",2017,"82"
"484","9","FEB",2015,"80"
"485","9","FEB",2016,"79"
"486","9","FEB",2017,"105"
"487","10","FEB",2015,"77"
"488","10","FEB",2016,"102"
"489","10","FEB",2017,"79"
"490","11","FEB",2015,"109"
"491","11","FEB",2016,"92"
"492","11","FEB",2017,"89"
"493","12","FEB",2015,"93"
"494","12","FEB",2016,"88"
"495","12","FEB",2017,"86"
"496","13","FEB",2015,"86"
"497","13","FEB",2016,"97"
"498","13","FEB",2017,"67"
"499","14","FEB",2015,"67"
"500","14","FEB",2016,"84"
"501","14","FEB",2017,"86"
"502","15","FEB",2015,"79"
"503","15","FEB",2016,"93"
"504","15","FEB",2017,"85"
"505","16","FEB",2015,"101"
"506","16","FEB",2016,"78"
"507","16","FEB",2017,"73"
"508","17","FEB",2015,"81"
"509","17","FEB",2016,"85"
"510","17","FEB",2017,"86"
"511","18","FEB",2015,"75"
"512","18","FEB",2016,"79"
"513","18","FEB",2017,"87"
"514","19","FEB",2015,"94"
"515","19","FEB",2016,"107"
"516","19","FEB",2017,"89"
"517","20","FEB",2015,"79"
"518","20","FEB",2016,"72"
"519","20","FEB",2017,"84"
"520","21","FEB",2015,"71"
"521","21","FEB",2016,"83"
"522","21","FEB",2017,"78"
"523","22","FEB",2015,"90"
"524","22","FEB",2016,"83"
"525","22","FEB",2017,"81"
"526","23","FEB",2015,"85"
"527","23","FEB",2016,"83"
"528","23","FEB",2017,"79"
"529","24","FEB",2015,"95"
"530","24","FEB",2016,"102"
"531","24","FEB",2017,"82"
"532","25","FEB",2015,"93"
"533","25","FEB",2016,"73"
"534","25","FEB",2017,"75"
"535","26","FEB",2015,"77"
"536","26","FEB",2016,"82"
"537","26","FEB",2017,"76"
"538","27","FEB",2015,"66"
"539","27","FEB",2016,"93"
"540","27","FEB",2017,"91"
"541","28","FEB",2015,"93"
"542","28","FEB",2016,"69"
"543","28","FEB",2017,"84"
"544","29","FEB",2015,"70"
"545","29","FEB",2016,NA
"546","29","FEB",2017,NA
"547","1","MAR",2015,"82"
"548","1","MAR",2016,"73"
"549","1","MAR",2017,"73"
"550","2","MAR",2015,"92"
"551","2","MAR",2016,"69"
"552","2","MAR",2017,"89"
"553","3","MAR",2015,"95"
"554","3","MAR",2016,"67"
"555","3","MAR",2017,"57"
"556","4","MAR",2015,"77"
"557","4","MAR",2016,"88"
"558","4","MAR",2017,"90"
"559","5","MAR",2015,"75"
"560","5","MAR",2016,"77"
"561","5","MAR",2017,"92"
"562","6","MAR",2015,"90"
"563","6","MAR",2016,"69"
"564","6","MAR",2017,"78"
"565","7","MAR",2015,"76"
"566","7","MAR",2016,"85"
"567","7","MAR",2017,"78"
"568","8","MAR",2015,"80"
"569","8","MAR",2016,"80"
"570","8","MAR",2017,"81"
"571","9","MAR",2015,"68"
"572","9","MAR",2016,"69"
"573","9","MAR",2017,"93"
"574","10","MAR",2015,"80"
"575","10","MAR",2016,"77"
"576","10","MAR",2017,"97"
"577","11","MAR",2015,"79"
"578","11","MAR",2016,"84"
"579","11","MAR",2017,"95"
"580","12","MAR",2015,"72"
"581","12","MAR",2016,"72"
"582","12","MAR",2017,"81"
"583","13","MAR",2015,"80"
"584","13","MAR",2016,"85"
"585","13","MAR",2017,"89"
"586","14","MAR",2015,"67"
"587","14","MAR",2016,"83"
"588","14","MAR",2017,"69"
"589","15","MAR",2015,"71"
"590","15","MAR",2016,"77"
"591","15","MAR",2017,"69"
"592","16","MAR",2015,"89"
"593","16","MAR",2016,"80"
"594","16","MAR",2017,"82"
"595","17","MAR",2015,"75"
"596","17","MAR",2016,"69"
"597","17","MAR",2017,"91"
"598","18","MAR",2015,"82"
"599","18","MAR",2016,"77"
"600","18","MAR",2017,"70"
"601","19","MAR",2015,"92"
"602","19","MAR",2016,"95"
"603","19","MAR",2017,"82"
"604","20","MAR",2015,"76"
"605","20","MAR",2016,"94"
"606","20","MAR",2017,"82"
"607","21","MAR",2015,"81"
"608","21","MAR",2016,"90"
"609","21","MAR",2017,"76"
"610","22","MAR",2015,"62"
"611","22","MAR",2016,"83"
"612","22","MAR",2017,"89"
"613","23","MAR",2015,"79"
"614","23","MAR",2016,"82"
"615","23","MAR",2017,"73"
"616","24","MAR",2015,"64"
"617","24","MAR",2016,"81"
"618","24","MAR",2017,"78"
"619","25","MAR",2015,"75"
"620","25","MAR",2016,"86"
"621","25","MAR",2017,"88"
"622","26","MAR",2015,"77"
"623","26","MAR",2016,"82"
"624","26","MAR",2017,"80"
"625","27","MAR",2015,"73"
"626","27","MAR",2016,"78"
"627","27","MAR",2017,"88"
"628","28","MAR",2015,"76"
"629","28","MAR",2016,"70"
"630","28","MAR",2017,"67"
"631","29","MAR",2015,"86"
"632","29","MAR",2016,"78"
"633","29","MAR",2017,"73"
"634","30","MAR",2015,"94"
"635","30","MAR",2016,"77"
"636","30","MAR",2017,"72"
"637","31","MAR",2015,"62"
"638","31","MAR",2016,"81"
"639","31","MAR",2017,"72"
"640","1","APR",2015,"70"
"641","1","APR",2016,"79"
"642","1","APR",2017,"89"
"643","2","APR",2015,"85"
"644","2","APR",2016,"53"
"645","2","APR",2017,"94"
"646","3","APR",2015,"80"
"647","3","APR",2016,"77"
"648","3","APR",2017,"81"
"649","4","APR",2015,"88"
"650","4","APR",2016,"92"
"651","4","APR",2017,"92"
"652","5","APR",2015,"84"
"653","5","APR",2016,"75"
"654","5","APR",2017,"57"
"655","6","APR",2015,"82"
"656","6","APR",2016,"68"
"657","6","APR",2017,"73"
"658","7","APR",2015,"66"
"659","7","APR",2016,"84"
"660","7","APR",2017,"80"
"661","8","APR",2015,"57"
"662","8","APR",2016,"88"
"663","8","APR",2017,"88"
"664","9","APR",2015,"73"
"665","9","APR",2016,"65"
"666","9","APR",2017,"86"
"667","10","APR",2015,"66"
"668","10","APR",2016,"73"
"669","10","APR",2017,"88"
"670","11","APR",2015,"80"
"671","11","APR",2016,"83"
"672","11","APR",2017,"86"
"673","12","APR",2015,"93"
"674","12","APR",2016,"65"
"675","12","APR",2017,"81"
"676","13","APR",2015,"74"
"677","13","APR",2016,"68"
"678","13","APR",2017,"74"
"679","14","APR",2015,"71"
"680","14","APR",2016,"84"
"681","14","APR",2017,"77"
"682","15","APR",2015,"86"
"683","15","APR",2016,"74"
"684","15","APR",2017,"74"
"685","16","APR",2015,"79"
"686","16","APR",2016,"80"
"687","16","APR",2017,"80"
"688","17","APR",2015,"74"
"689","17","APR",2016,"77"
"690","17","APR",2017,"79"
"691","18","APR",2015,"71"
"692","18","APR",2016,"82"
"693","18","APR",2017,"73"
"694","19","APR",2015,"74"
"695","19","APR",2016,"62"
"696","19","APR",2017,"81"
"697","20","APR",2015,"66"
"698","20","APR",2016,"75"
"699","20","APR",2017,"84"
"700","21","APR",2015,"73"
"701","21","APR",2016,"73"
"702","21","APR",2017,"70"
"703","22","APR",2015,"71"
"704","22","APR",2016,"64"
"705","22","APR",2017,"72"
"706","23","APR",2015,"70"
"707","23","APR",2016,"88"
"708","23","APR",2017,"84"
"709","24","APR",2015,"67"
"710","24","APR",2016,"73"
"711","24","APR",2017,"73"
"712","25","APR",2015,"80"
"713","25","APR",2016,"81"
"714","25","APR",2017,"90"
"715","26","APR",2015,"72"
"716","26","APR",2016,"68"
"717","26","APR",2017,"81"
"718","27","APR",2015,"69"
"719","27","APR",2016,"76"
"720","27","APR",2017,"64"
"721","28","APR",2015,"87"
"722","28","APR",2016,"73"
"723","28","APR",2017,"64"
"724","29","APR",2015,"67"
"725","29","APR",2016,"77"
"726","29","APR",2017,"97"
"727","30","APR",2015,"84"
"728","30","APR",2016,"64"
"729","30","APR",2017,"79"
"730","1","MAY",2015,"66"
"731","1","MAY",2016,"74"
"732","1","MAY",2017,"62"
"733","2","MAY",2015,"87"
"734","2","MAY",2016,"59"
"735","2","MAY",2017,"93"
"736","3","MAY",2015,"77"
"737","3","MAY",2016,"74"
"738","3","MAY",2017,"73"
"739","4","MAY",2015,"70"
"740","4","MAY",2016,"53"
"741","4","MAY",2017,"80"
"742","5","MAY",2015,"81"
"743","5","MAY",2016,"84"
"744","5","MAY",2017,"62"
"745","6","MAY",2015,"89"
"746","6","MAY",2016,"68"
"747","6","MAY",2017,"58"
"748","7","MAY",2015,"82"
"749","7","MAY",2016,"71"
"750","7","MAY",2017,"87"
"751","8","MAY",2015,"79"
"752","8","MAY",2016,"79"
"753","8","MAY",2017,"69"
"754","9","MAY",2015,"85"
"755","9","MAY",2016,"80"
"756","9","MAY",2017,"86"
"757","10","MAY",2015,"84"
"758","10","MAY",2016,"81"
"759","10","MAY",2017,"57"
"760","11","MAY",2015,"78"
"761","11","MAY",2016,"68"
"762","11","MAY",2017,"68"
"763","12","MAY",2015,"64"
"764","12","MAY",2016,"85"
"765","12","MAY",2017,"78"
"766","13","MAY",2015,"66"
"767","13","MAY",2016,"69"
"768","13","MAY",2017,"86"
"769","14","MAY",2015,"74"
"770","14","MAY",2016,"62"
"771","14","MAY",2017,"81"
"772","15","MAY",2015,"81"
"773","15","MAY",2016,"76"
"774","15","MAY",2017,"85"
"775","16","MAY",2015,"71"
"776","16","MAY",2016,"67"
"777","16","MAY",2017,"94"
"778","17","MAY",2015,"78"
"779","17","MAY",2016,"67"
"780","17","MAY",2017,"85"
"781","18","MAY",2015,"70"
"782","18","MAY",2016,"83"
"783","18","MAY",2017,"74"
"784","19","MAY",2015,"71"
"785","19","MAY",2016,"72"
"786","19","MAY",2017,"77"
"787","20","MAY",2015,"78"
"788","20","MAY",2016,"89"
"789","20","MAY",2017,"70"
"790","21","MAY",2015,"88"
"791","21","MAY",2016,"78"
"792","21","MAY",2017,"83"
"793","22","MAY",2015,"64"
"794","22","MAY",2016,"81"
"795","22","MAY",2017,"84"
"796","23","MAY",2015,"65"
"797","23","MAY",2016,"87"
"798","23","MAY",2017,"67"
"799","24","MAY",2015,"87"
"800","24","MAY",2016,"85"
"801","24","MAY",2017,"81"
"802","25","MAY",2015,"57"
"803","25","MAY",2016,"82"
"804","25","MAY",2017,"83"
"805","26","MAY",2015,"90"
"806","26","MAY",2016,"67"
"807","26","MAY",2017,"91"
"808","27","MAY",2015,"65"
"809","27","MAY",2016,"80"
"810","27","MAY",2017,"88"
"811","28","MAY",2015,"64"
"812","28","MAY",2016,"69"
"813","28","MAY",2017,"62"
"814","29","MAY",2015,"79"
"815","29","MAY",2016,"77"
"816","29","MAY",2017,"72"
"817","30","MAY",2015,"66"
"818","30","MAY",2016,"69"
"819","30","MAY",2017,"71"
"820","31","MAY",2015,"84"
"821","31","MAY",2016,"76"
"822","31","MAY",2017,"78"
"823","1","JUN",2015,"68"
"824","1","JUN",2016,"74"
"825","1","JUN",2017,"75"
"826","2","JUN",2015,"76"
"827","2","JUN",2016,"71"
"828","2","JUN",2017,"75"
"829","3","JUN",2015,"62"
"830","3","JUN",2016,"70"
"831","3","JUN",2017,"84"
"832","4","JUN",2015,"65"
"833","4","JUN",2016,"102"
"834","4","JUN",2017,"82"
"835","5","JUN",2015,"82"
"836","5","JUN",2016,"80"
"837","5","JUN",2017,"78"
"838","6","JUN",2015,"79"
"839","6","JUN",2016,"84"
"840","6","JUN",2017,"71"
"841","7","JUN",2015,"59"
"842","7","JUN",2016,"74"
"843","7","JUN",2017,"96"
"844","8","JUN",2015,"65"
"845","8","JUN",2016,"77"
"846","8","JUN",2017,"64"
"847","9","JUN",2015,"66"
"848","9","JUN",2016,"76"
"849","9","JUN",2017,"61"
"850","10","JUN",2015,"80"
"851","10","JUN",2016,"77"
"852","10","JUN",2017,"71"
"853","11","JUN",2015,"58"
"854","11","JUN",2016,"97"
"855","11","JUN",2017,"80"
"856","12","JUN",2015,"74"
"857","12","JUN",2016,"70"
"858","12","JUN",2017,"94"
"859","13","JUN",2015,"76"
"860","13","JUN",2016,"81"
"861","13","JUN",2017,"79"
"862","14","JUN",2015,"61"
"863","14","JUN",2016,"90"
"864","14","JUN",2017,"81"
"865","15","JUN",2015,"78"
"866","15","JUN",2016,"66"
"867","15","JUN",2017,"77"
"868","16","JUN",2015,"69"
"869","16","JUN",2016,"93"
"870","16","JUN",2017,"97"
"871","17","JUN",2015,"87"
"872","17","JUN",2016,"68"
"873","17","JUN",2017,"80"
"874","18","JUN",2015,"71"
"875","18","JUN",2016,"90"
"876","18","JUN",2017,"74"
"877","19","JUN",2015,"81"
"878","19","JUN",2016,"77"
"879","19","JUN",2017,"78"
"880","20","JUN",2015,"65"
"881","20","JUN",2016,"83"
"882","20","JUN",2017,"76"
"883","21","JUN",2015,"79"
"884","21","JUN",2016,"70"
"885","21","JUN",2017,"75"
"886","22","JUN",2015,"82"
"887","22","JUN",2016,"76"
"888","22","JUN",2017,"76"
"889","23","JUN",2015,"73"
"890","23","JUN",2016,"67"
"891","23","JUN",2017,"83"
"892","24","JUN",2015,"81"
"893","24","JUN",2016,"77"
"894","24","JUN",2017,"86"
"895","25","JUN",2015,"66"
"896","25","JUN",2016,"77"
"897","25","JUN",2017,"87"
"898","26","JUN",2015,"84"
"899","26","JUN",2016,"71"
"900","26","JUN",2017,"82"
"901","27","JUN",2015,"69"
"902","27","JUN",2016,"85"
"903","27","JUN",2017,"74"
"904","28","JUN",2015,"64"
"905","28","JUN",2016,"82"
"906","28","JUN",2017,"87"
"907","29","JUN",2015,"61"
"908","29","JUN",2016,"77"
"909","29","JUN",2017,"62"
"910","30","JUN",2015,"64"
"911","30","JUN",2016,"73"
"912","30","JUN",2017,"78"
"913","1","JUL",2015,"71"
"914","1","JUL",2016,"84"
"915","1","JUL",2017,"78"
"916","2","JUL",2015,"67"
"917","2","JUL",2016,"75"
"918","2","JUL",2017,"82"
"919","3","JUL",2015,"85"
"920","3","JUL",2016,"69"
"921","3","JUL",2017,"80"
"922","4","JUL",2015,"94"
"923","4","JUL",2016,"102"
"924","4","JUL",2017,"65"
"925","5","JUL",2015,"63"
"926","5","JUL",2016,"82"
"927","5","JUL",2017,"79"
"928","6","JUL",2015,"77"
"929","6","JUL",2016,"103"
"930","6","JUL",2017,"73"
"931","7","JUL",2015,"80"
"932","7","JUL",2016,"82"
"933","7","JUL",2017,"69"
"934","8","JUL",2015,"83"
"935","8","JUL",2016,"72"
"936","8","JUL",2017,"73"
"937","9","JUL",2015,"82"
"938","9","JUL",2016,"74"
"939","9","JUL",2017,"60"
"940","10","JUL",2015,"71"
"941","10","JUL",2016,"77"
"942","10","JUL",2017,"71"
"943","11","JUL",2015,"75"
"944","11","JUL",2016,"89"
"945","11","JUL",2017,"71"
"946","12","JUL",2015,"68"
"947","12","JUL",2016,"71"
"948","12","JUL",2017,"65"
"949","13","JUL",2015,"87"
"950","13","JUL",2016,"82"
"951","13","JUL",2017,"89"
"952","14","JUL",2015,"80"
"953","14","JUL",2016,"84"
"954","14","JUL",2017,"80"
"955","15","JUL",2015,"82"
"956","15","JUL",2016,"62"
"957","15","JUL",2017,"76"
"958","16","JUL",2015,"63"
"959","16","JUL",2016,"83"
"960","16","JUL",2017,"88"
"961","17","JUL",2015,"79"
"962","17","JUL",2016,"77"
"963","17","JUL",2017,"84"
"964","18","JUL",2015,"87"
"965","18","JUL",2016,"84"
"966","18","JUL",2017,"68"
"967","19","JUL",2015,"75"
"968","19","JUL",2016,"67"
"969","19","JUL",2017,"71"
"970","20","JUL",2015,"102"
"971","20","JUL",2016,"95"
"972","20","JUL",2017,"65"
"973","21","JUL",2015,"76"
"974","21","JUL",2016,"71"
"975","21","JUL",2017,"68"
"976","22","JUL",2015,"72"
"977","22","JUL",2016,"58"
"978","22","JUL",2017,"94"
"979","23","JUL",2015,"79"
"980","23","JUL",2016,"70"
"981","23","JUL",2017,"83"
"982","24","JUL",2015,"74"
"983","24","JUL",2016,"83"
"984","24","JUL",2017,"82"
"985","25","JUL",2015,"70"
"986","25","JUL",2016,"90"
"987","25","JUL",2017,"66"
"988","26","JUL",2015,"74"
"989","26","JUL",2016,"91"
"990","26","JUL",2017,"77"
"991","27","JUL",2015,"75"
"992","27","JUL",2016,"77"
"993","27","JUL",2017,"73"
"994","28","JUL",2015,"71"
"995","28","JUL",2016,"82"
"996","28","JUL",2017,"80"
"997","29","JUL",2015,"68"
"998","29","JUL",2016,"69"
"999","29","JUL",2017,"83"
"1000","30","JUL",2015,"80"
"1001","30","JUL",2016,"70"
"1002","30","JUL",2017,"90"
"1003","31","JUL",2015,"72"
"1004","31","JUL",2016,"81"
"1005","31","JUL",2017,"66"
"1006","1","AGO",2015,"69"
"1007","1","AGO",2016,"65"
"1008","1","AGO",2017,"105"
"1009","2","AGO",2015,"72"
"1010","2","AGO",2016,"79"
"1011","2","AGO",2017,"73"
"1012","3","AGO",2015,"74"
"1013","3","AGO",2016,"78"
"1014","3","AGO",2017,"88"
"1015","4","AGO",2015,"92"
"1016","4","AGO",2016,"78"
"1017","4","AGO",2017,"82"
"1018","5","AGO",2015,"81"
"1019","5","AGO",2016,"54"
"1020","5","AGO",2017,"80"
"1021","6","AGO",2015,"83"
"1022","6","AGO",2016,"62"
"1023","6","AGO",2017,"70"
"1024","7","AGO",2015,"81"
"1025","7","AGO",2016,"78"
"1026","7","AGO",2017,"73"
"1027","8","AGO",2015,"89"
"1028","8","AGO",2016,"78"
"1029","8","AGO",2017,"67"
"1030","9","AGO",2015,"77"
"1031","9","AGO",2016,"75"
"1032","9","AGO",2017,"71"
"1033","10","AGO",2015,"74"
"1034","10","AGO",2016,"62"
"1035","10","AGO",2017,"72"
"1036","11","AGO",2015,"63"
"1037","11","AGO",2016,"76"
"1038","11","AGO",2017,"79"
"1039","12","AGO",2015,"87"
"1040","12","AGO",2016,"89"
"1041","12","AGO",2017,"78"
"1042","13","AGO",2015,"83"
"1043","13","AGO",2016,"77"
"1044","13","AGO",2017,"87"
"1045","14","AGO",2015,"72"
"1046","14","AGO",2016,"80"
"1047","14","AGO",2017,"70"
"1048","15","AGO",2015,"88"
"1049","15","AGO",2016,"69"
"1050","15","AGO",2017,"80"
"1051","16","AGO",2015,"58"
"1052","16","AGO",2016,"73"
"1053","16","AGO",2017,"70"
"1054","17","AGO",2015,"79"
"1055","17","AGO",2016,"72"
"1056","17","AGO",2017,"66"
"1057","18","AGO",2015,"71"
"1058","18","AGO",2016,"79"
"1059","18","AGO",2017,"70"
"1060","19","AGO",2015,"90"
"1061","19","AGO",2016,"76"
"1062","19","AGO",2017,"75"
"1063","20","AGO",2015,"77"
"1064","20","AGO",2016,"76"
"1065","20","AGO",2017,"70"
"1066","21","AGO",2015,"81"
"1067","21","AGO",2016,"73"
"1068","21","AGO",2017,"76"
"1069","22","AGO",2015,"75"
"1070","22","AGO",2016,"87"
"1071","22","AGO",2017,"65"
"1072","23","AGO",2015,"85"
"1073","23","AGO",2016,"68"
"1074","23","AGO",2017,"67"
"1075","24","AGO",2015,"100"
"1076","24","AGO",2016,"64"
"1077","24","AGO",2017,"73"
"1078","25","AGO",2015,"79"
"1079","25","AGO",2016,"82"
"1080","25","AGO",2017,"64"
"1081","26","AGO",2015,"73"
"1082","26","AGO",2016,"72"
"1083","26","AGO",2017,"73"
"1084","27","AGO",2015,"70"
"1085","27","AGO",2016,"73"
"1086","27","AGO",2017,"96"
"1087","28","AGO",2015,"73"
"1088","28","AGO",2016,"67"
"1089","28","AGO",2017,"56"
"1090","29","AGO",2015,"80"
"1091","29","AGO",2016,"76"
"1092","29","AGO",2017,"80"
"1093","30","AGO",2015,"78"
"1094","30","AGO",2016,"69"
"1095","30","AGO",2017,"62"
"1096","31","AGO",2015,"73"
"1097","31","AGO",2016,"65"
"1098","31","AGO",2017,"75"
